{
	"credit": "Made with Blockbench",
	"texture_size": [32, 32],
	"textures": {
		"2": "physgun",
		"particle": "block/physgun'"
	},
	"elements": [
		{
			"from": [7, 0, 0],
			"to": [9, 1, 4],
			"rotation": {"angle": -22.5, "axis": "x", "origin": [7, 0, 0]},
			"faces": {
				"north": {"uv": [11.5, 10.5, 12.5, 11], "texture": "#2"},
				"east": {"uv": [9.5, 3.5, 11.5, 4], "texture": "#2"},
				"south": {"uv": [11.5, 11, 12.5, 11.5], "texture": "#2"},
				"west": {"uv": [9.5, 8, 11.5, 8.5], "texture": "#2"},
				"up": {"uv": [4.5, 8, 3.5, 6], "texture": "#2"},
				"down": {"uv": [5.5, 6, 4.5, 8], "texture": "#2"}
			}
		},
		{
			"from": [6, 0, 4],
			"to": [10, 2, 6],
			"rotation": {"angle": -22.5, "axis": "x", "origin": [7, 0, 0]},
			"faces": {
				"north": {"uv": [6, 4.5, 8, 5.5], "texture": "#2"},
				"east": {"uv": [8, 2, 9, 3], "texture": "#2"},
				"south": {"uv": [5.5, 6, 7.5, 7], "texture": "#2"},
				"west": {"uv": [7.5, 9.5, 8.5, 10.5], "texture": "#2"},
				"up": {"uv": [7.5, 8, 5.5, 7], "texture": "#2"},
				"down": {"uv": [9.5, 3, 7.5, 4], "texture": "#2"}
			}
		},
		{
			"from": [10, 1, 3],
			"to": [12, 5, 7],
			"rotation": {"angle": 0, "axis": "x", "origin": [7, 2, 0]},
			"faces": {
				"north": {"uv": [2, 7.5, 3, 9.5], "texture": "#2"},
				"east": {"uv": [0, 0, 2, 2], "texture": "#2"},
				"south": {"uv": [7.5, 5.5, 8.5, 7.5], "texture": "#2"},
				"west": {"uv": [0, 2, 2, 4], "texture": "#2"},
				"up": {"uv": [8.5, 9.5, 7.5, 7.5], "texture": "#2"},
				"down": {"uv": [1, 8, 0, 10], "texture": "#2"}
			}
		},
		{
			"from": [7, 3, 5],
			"to": [9, 6, 7],
			"rotation": {"angle": 0, "axis": "x", "origin": [4, 2, 1]},
			"faces": {
				"north": {"uv": [8, 4, 9, 5.5], "texture": "#2"},
				"east": {"uv": [8.5, 5.5, 9.5, 7], "texture": "#2"},
				"south": {"uv": [8.5, 7, 9.5, 8.5], "texture": "#2"},
				"west": {"uv": [8.5, 8.5, 9.5, 10], "texture": "#2"},
				"up": {"uv": [10.5, 9.5, 9.5, 8.5], "texture": "#2"},
				"down": {"uv": [10.5, 9.5, 9.5, 10.5], "texture": "#2"}
			}
		},
		{
			"from": [7, 4, 8],
			"to": [9, 7, 12],
			"rotation": {"angle": 0, "axis": "x", "origin": [4, 3, 4]},
			"faces": {
				"north": {"uv": [9, 0, 10, 1.5], "texture": "#2"},
				"east": {"uv": [6, 0, 8, 1.5], "texture": "#2"},
				"south": {"uv": [9, 1.5, 10, 3], "texture": "#2"},
				"west": {"uv": [6, 1.5, 8, 3], "texture": "#2"},
				"up": {"uv": [6, 10, 5, 8], "texture": "#2"},
				"down": {"uv": [7, 8, 6, 10], "texture": "#2"}
			}
		},
		{
			"from": [6, 3, 4],
			"to": [10, 7, 5],
			"rotation": {"angle": 0, "axis": "x", "origin": [5, 2, 1]},
			"faces": {
				"north": {"uv": [0, 4, 2, 6], "texture": "#2"},
				"east": {"uv": [0, 10, 0.5, 12], "texture": "#2"},
				"south": {"uv": [4, 0, 6, 2], "texture": "#2"},
				"west": {"uv": [10, 0, 10.5, 2], "texture": "#2"},
				"up": {"uv": [12, 2.5, 10, 2], "texture": "#2"},
				"down": {"uv": [12, 2.5, 10, 3], "texture": "#2"}
			}
		},
		{
			"from": [6, 3, 7],
			"to": [10, 7, 8],
			"rotation": {"angle": 0, "axis": "x", "origin": [5, 2, 4]},
			"faces": {
				"north": {"uv": [2, 4, 4, 6], "texture": "#2"},
				"east": {"uv": [0.5, 10, 1, 12], "texture": "#2"},
				"south": {"uv": [4, 2, 6, 4], "texture": "#2"},
				"west": {"uv": [1, 10, 1.5, 12], "texture": "#2"},
				"up": {"uv": [5, 10.5, 3, 10], "texture": "#2"},
				"down": {"uv": [7, 10, 5, 10.5], "texture": "#2"}
			}
		},
		{
			"from": [6, 4, 12],
			"to": [10, 8, 13],
			"rotation": {"angle": 0, "axis": "x", "origin": [5, 3, 9]},
			"faces": {
				"north": {"uv": [4, 4, 6, 6], "texture": "#2"},
				"east": {"uv": [1.5, 10, 2, 12], "texture": "#2"},
				"south": {"uv": [0, 6, 2, 8], "texture": "#2"},
				"west": {"uv": [10, 5.5, 10.5, 7.5], "texture": "#2"},
				"up": {"uv": [12, 8, 10, 7.5], "texture": "#2"},
				"down": {"uv": [12.5, 0, 10.5, 0.5], "texture": "#2"}
			}
		},
		{
			"from": [7.75, 11.5, 15],
			"to": [8.25, 12, 17.5],
			"rotation": {"angle": 22.5, "axis": "x", "origin": [5, 15, 10]},
			"faces": {
				"north": {"uv": [5.5, 12.5, 6, 13], "texture": "#2"},
				"east": {"uv": [10.5, 10, 12, 10.5], "texture": "#2"},
				"south": {"uv": [12.5, 6, 13, 6.5], "texture": "#2"},
				"west": {"uv": [6, 11, 7.5, 11.5], "texture": "#2"},
				"up": {"uv": [10, 12.5, 9.5, 11], "texture": "#2"},
				"down": {"uv": [10.5, 11, 10, 12.5], "texture": "#2"}
			}
		},
		{
			"from": [7.75, 2.5, 13],
			"to": [8.25, 3, 15.5],
			"rotation": {"angle": -22.5, "axis": "x", "origin": [8, 3, 14]},
			"faces": {
				"north": {"uv": [7.5, 12.5, 8, 13], "texture": "#2"},
				"east": {"uv": [11.5, 5, 13, 5.5], "texture": "#2"},
				"south": {"uv": [12.5, 7.5, 13, 8], "texture": "#2"},
				"west": {"uv": [11.5, 8, 13, 8.5], "texture": "#2"},
				"up": {"uv": [7, 13, 6.5, 11.5], "texture": "#2"},
				"down": {"uv": [7.5, 11.5, 7, 13], "texture": "#2"}
			}
		},
		{
			"from": [7.75, 9, 11],
			"to": [8.25, 11.5, 11.5],
			"rotation": {"angle": 22.5, "axis": "x", "origin": [5, 4, 8]},
			"faces": {
				"north": {"uv": [3, 11, 3.5, 12.5], "texture": "#2"},
				"east": {"uv": [3.5, 11, 4, 12.5], "texture": "#2"},
				"south": {"uv": [4, 11, 4.5, 12.5], "texture": "#2"},
				"west": {"uv": [4.5, 11, 5, 12.5], "texture": "#2"},
				"up": {"uv": [5, 13, 4.5, 12.5], "texture": "#2"},
				"down": {"uv": [5.5, 12.5, 5, 13], "texture": "#2"}
			}
		},
		{
			"from": [7.75, 2.5, 13],
			"to": [8.25, 5, 13.5],
			"rotation": {"angle": -22.5, "axis": "x", "origin": [8, 4, 13]},
			"faces": {
				"north": {"uv": [10.5, 11, 11, 12.5], "texture": "#2"},
				"east": {"uv": [11, 10.5, 11.5, 12], "texture": "#2"},
				"south": {"uv": [11.5, 3.5, 12, 5], "texture": "#2"},
				"west": {"uv": [6, 11.5, 6.5, 13], "texture": "#2"},
				"up": {"uv": [13, 7, 12.5, 6.5], "texture": "#2"},
				"down": {"uv": [13, 7, 12.5, 7.5], "texture": "#2"}
			}
		},
		{
			"from": [6.5, 4.5, 13],
			"to": [9.5, 7.5, 13.5],
			"rotation": {"angle": 0, "axis": "x", "origin": [5, 3, 9]},
			"faces": {
				"north": {"uv": [2, 6, 3.5, 7.5], "texture": "#2"},
				"east": {"uv": [7.5, 10.5, 8, 12], "texture": "#2"},
				"south": {"uv": [6, 3, 7.5, 4.5], "texture": "#2"},
				"west": {"uv": [8, 10.5, 8.5, 12], "texture": "#2"},
				"up": {"uv": [11, 11, 9.5, 10.5], "texture": "#2"},
				"down": {"uv": [12, 9.5, 10.5, 10], "texture": "#2"}
			}
		},
		{
			"from": [9, 4, 5],
			"to": [10, 5, 7],
			"rotation": {"angle": 0, "axis": "x", "origin": [5, 2, 1]},
			"faces": {
				"north": {"uv": [12.5, 1.5, 13, 2], "texture": "#2"},
				"east": {"uv": [7.5, 12, 8.5, 12.5], "texture": "#2"},
				"south": {"uv": [2, 12.5, 2.5, 13], "texture": "#2"},
				"west": {"uv": [8.5, 12, 9.5, 12.5], "texture": "#2"},
				"up": {"uv": [12.5, 9.5, 12, 8.5], "texture": "#2"},
				"down": {"uv": [12.5, 9.5, 12, 10.5], "texture": "#2"}
			}
		},
		{
			"from": [7.5, 6, 5],
			"to": [8.5, 7, 7],
			"rotation": {"angle": 0, "axis": "x", "origin": [4, 4, 1]},
			"faces": {
				"north": {"uv": [12.5, 0, 13, 0.5], "texture": "#2"},
				"east": {"uv": [2, 12, 3, 12.5], "texture": "#2"},
				"south": {"uv": [0.5, 12.5, 1, 13], "texture": "#2"},
				"west": {"uv": [12, 2, 13, 2.5], "texture": "#2"},
				"up": {"uv": [12.5, 3.5, 12, 2.5], "texture": "#2"},
				"down": {"uv": [12.5, 3.5, 12, 4.5], "texture": "#2"}
			}
		},
		{
			"from": [7.5, 7, 7],
			"to": [8.5, 8, 12],
			"rotation": {"angle": 0, "axis": "x", "origin": [4, 5, 4]},
			"faces": {
				"north": {"uv": [2.5, 12.5, 3, 13], "texture": "#2"},
				"east": {"uv": [9, 4, 11.5, 4.5], "texture": "#2"},
				"south": {"uv": [12.5, 2.5, 13, 3], "texture": "#2"},
				"west": {"uv": [9, 4.5, 11.5, 5], "texture": "#2"},
				"up": {"uv": [7.5, 10.5, 7, 8], "texture": "#2"},
				"down": {"uv": [2.5, 9.5, 2, 12], "texture": "#2"}
			}
		},
		{
			"from": [7.5, 3, 8],
			"to": [8.5, 4, 13],
			"rotation": {"angle": 0, "axis": "x", "origin": [4, 1, 4]},
			"faces": {
				"north": {"uv": [3.5, 12.5, 4, 13], "texture": "#2"},
				"east": {"uv": [9, 5, 11.5, 5.5], "texture": "#2"},
				"south": {"uv": [12.5, 3.5, 13, 4], "texture": "#2"},
				"west": {"uv": [9.5, 3, 12, 3.5], "texture": "#2"},
				"up": {"uv": [3, 12, 2.5, 9.5], "texture": "#2"},
				"down": {"uv": [10, 5.5, 9.5, 8], "texture": "#2"}
			}
		},
		{
			"from": [7.5, 2, 5],
			"to": [8.5, 3, 7],
			"rotation": {"angle": 0, "axis": "x", "origin": [4, 0, 1]},
			"faces": {
				"north": {"uv": [12.5, 0.5, 13, 1], "texture": "#2"},
				"east": {"uv": [12, 4.5, 13, 5], "texture": "#2"},
				"south": {"uv": [12.5, 1, 13, 1.5], "texture": "#2"},
				"west": {"uv": [12, 5.5, 13, 6], "texture": "#2"},
				"up": {"uv": [12.5, 7, 12, 6], "texture": "#2"},
				"down": {"uv": [12.5, 7, 12, 8], "texture": "#2"}
			}
		},
		{
			"from": [6, 4, 5],
			"to": [7, 5, 7],
			"rotation": {"angle": 0, "axis": "x", "origin": [2, 2, 1]},
			"faces": {
				"north": {"uv": [12, 12, 12.5, 12.5], "texture": "#2"},
				"east": {"uv": [11.5, 11.5, 12.5, 12], "texture": "#2"},
				"south": {"uv": [0, 12.5, 0.5, 13], "texture": "#2"},
				"west": {"uv": [0, 12, 1, 12.5], "texture": "#2"},
				"up": {"uv": [1.5, 13, 1, 12], "texture": "#2"},
				"down": {"uv": [2, 12, 1.5, 13], "texture": "#2"}
			}
		},
		{
			"from": [6, 5, 8],
			"to": [7, 6, 12],
			"rotation": {"angle": 0, "axis": "x", "origin": [2, 3, 4]},
			"faces": {
				"north": {"uv": [3, 12.5, 3.5, 13], "texture": "#2"},
				"east": {"uv": [10.5, 0.5, 12.5, 1], "texture": "#2"},
				"south": {"uv": [12.5, 3, 13, 3.5], "texture": "#2"},
				"west": {"uv": [10.5, 1, 12.5, 1.5], "texture": "#2"},
				"up": {"uv": [9, 12, 8.5, 10], "texture": "#2"},
				"down": {"uv": [9.5, 10, 9, 12], "texture": "#2"}
			}
		},
		{
			"from": [9, 5, 8],
			"to": [10, 6, 12],
			"rotation": {"angle": 0, "axis": "x", "origin": [5, 3, 4]},
			"faces": {
				"north": {"uv": [4, 12.5, 4.5, 13], "texture": "#2"},
				"east": {"uv": [10.5, 1.5, 12.5, 2], "texture": "#2"},
				"south": {"uv": [12.5, 4, 13, 4.5], "texture": "#2"},
				"west": {"uv": [3, 10.5, 5, 11], "texture": "#2"},
				"up": {"uv": [5.5, 12.5, 5, 10.5], "texture": "#2"},
				"down": {"uv": [6, 10.5, 5.5, 12.5], "texture": "#2"}
			}
		},
		{
			"from": [4, 1, 3],
			"to": [6, 5, 7],
			"rotation": {"angle": 0, "axis": "x", "origin": [1, 2, 0]},
			"faces": {
				"north": {"uv": [8, 0, 9, 2], "texture": "#2"},
				"east": {"uv": [2, 0, 4, 2], "texture": "#2"},
				"south": {"uv": [1, 8, 2, 10], "texture": "#2"},
				"west": {"uv": [2, 2, 4, 4], "texture": "#2"},
				"up": {"uv": [4, 10, 3, 8], "texture": "#2"},
				"down": {"uv": [5, 8, 4, 10], "texture": "#2"}
			}
		},
		{
			"from": [1, 3, 4],
			"to": [4, 4, 5],
			"rotation": {"angle": 0, "axis": "x", "origin": [1, 2, 0]},
			"faces": {
				"north": {"uv": [6, 5.5, 7.5, 6], "texture": "#2"},
				"east": {"uv": [3, 7.5, 3.5, 8], "texture": "#2"},
				"south": {"uv": [10.5, 5.5, 12, 6], "texture": "#2"},
				"west": {"uv": [7.5, 4, 8, 4.5], "texture": "#2"},
				"up": {"uv": [7.5, 11, 6, 10.5], "texture": "#2"},
				"down": {"uv": [12, 6, 10.5, 6.5], "texture": "#2"}
			}
		},
		{
			"from": [12, 3, 4],
			"to": [15, 4, 5],
			"rotation": {"angle": 0, "axis": "x", "origin": [12, 2, 0]},
			"faces": {
				"north": {"uv": [10.5, 6.5, 12, 7], "texture": "#2"},
				"east": {"uv": [11, 12, 11.5, 12.5], "texture": "#2"},
				"south": {"uv": [10.5, 7, 12, 7.5], "texture": "#2"},
				"west": {"uv": [11.5, 12, 12, 12.5], "texture": "#2"},
				"up": {"uv": [12, 9, 10.5, 8.5], "texture": "#2"},
				"down": {"uv": [12, 9, 10.5, 9.5], "texture": "#2"}
			}
		}
	],
	"display": {
		"thirdperson_righthand": {
			"rotation": [180, 0, -180],
			"translation": [0, 5.25, 0]
		},
		"firstperson_righthand": {
			"rotation": [-180, -0.75, -180],
			"translation": [-5, 7, 4]
		}
	}
}